c19dea,127.0.0.1,GET,http://127.0.0.1/resident/web/app_dev.php/gmap,1499966588,,200
d48953,127.0.0.1,GET,http://127.0.0.1/resident/web/app_dev.php/marker1.png,1499966590,738948,200
738948,127.0.0.1,GET,http://127.0.0.1/resident/web/app_dev.php/marker1.png,1499966590,,404
be2809,127.0.0.1,GET,http://127.0.0.1/resident/web/app_dev.php/marker1.png,1499966591,7d3be5,200
7d3be5,127.0.0.1,GET,http://127.0.0.1/resident/web/app_dev.php/marker1.png,1499966591,,404
a49016,127.0.0.1,GET,http://127.0.0.1/resident/web/app_dev.php/gmap,1499966619,,200
955003,127.0.0.1,GET,http://127.0.0.1/resident/web/app_dev.php/img/marker1.png,1499966621,9f8dd3,200
9f8dd3,127.0.0.1,GET,http://127.0.0.1/resident/web/app_dev.php/img/marker1.png,1499966621,,404
cc0591,127.0.0.1,GET,http://127.0.0.1/resident/web/app_dev.php/img/marker1.png,1499966622,23294b,200
23294b,127.0.0.1,GET,http://127.0.0.1/resident/web/app_dev.php/img/marker1.png,1499966622,,404
